component_id,location,batch,forecast_7_days,uncertainty_percent,urgency
C001,Chennai,B1,200,15.0,CRITICAL
C001,Chennai,B2,161,15.0,MEDIUM
C001,Bangalore,B1,190,25.0,HIGH
C001,Bangalore,B2,231,20.0,CRITICAL
C001,Coimbatore,B1,292,20.0,CRITICAL
C001,Coimbatore,B2,227,15.0,LOW
C001,Hyderabad,B1,50,25.0,MEDIUM
C001,Hyderabad,B2,206,10.0,LOW
C001,Pune,B1,20,10.0,CRITICAL
C001,Pune,B2,131,20.0,MEDIUM
C002,Chennai,B1,245,5.0,LOW
C002,Chennai,B2,93,10.0,LOW
C002,Bangalore,B1,257,20.0,HIGH
C002,Bangalore,B2,309,20.0,CRITICAL
C002,Coimbatore,B1,247,25.0,HIGH
C002,Coimbatore,B2,256,20.0,LOW
C002,Hyderabad,B1,340,5.0,CRITICAL
C002,Hyderabad,B2,168,20.0,LOW
C002,Pune,B1,120,15.0,MEDIUM
C002,Pune,B2,270,10.0,CRITICAL
C003,Chennai,B1,307,10.0,CRITICAL
C003,Chennai,B2,255,25.0,MEDIUM
C003,Bangalore,B1,266,25.0,MEDIUM
C003,Bangalore,B2,257,15.0,CRITICAL
C003,Coimbatore,B1,10,20.0,CRITICAL
C003,Coimbatore,B2,280,20.0,CRITICAL
C003,Hyderabad,B1,270,25.0,MEDIUM
C003,Hyderabad,B2,52,15.0,MEDIUM
C003,Pune,B1,209,25.0,HIGH
C003,Pune,B2,147,20.0,LOW
C004,Chennai,B1,167,10.0,MEDIUM
C004,Chennai,B2,322,5.0,LOW
C004,Bangalore,B1,237,15.0,CRITICAL
C004,Bangalore,B2,346,10.0,LOW
C004,Coimbatore,B1,199,5.0,LOW
C004,Coimbatore,B2,91,20.0,HIGH
C004,Hyderabad,B1,152,25.0,CRITICAL
C004,Hyderabad,B2,41,10.0,LOW
C004,Pune,B1,165,10.0,CRITICAL
C004,Pune,B2,286,20.0,MEDIUM
C005,Chennai,B1,120,25.0,LOW
C005,Chennai,B2,279,5.0,CRITICAL
C005,Bangalore,B1,120,20.0,LOW
C005,Bangalore,B2,187,20.0,CRITICAL
C005,Coimbatore,B1,120,15.0,LOW
C005,Coimbatore,B2,337,15.0,MEDIUM
C005,Hyderabad,B1,120,5.0,LOW
C005,Hyderabad,B2,343,20.0,CRITICAL
C005,Pune,B1,120,5.0,MEDIUM
C005,Pune,B2,170,20.0,LOW
C006,Chennai,B1,155,15.0,CRITICAL
C006,Chennai,B2,233,15.0,LOW
C006,Bangalore,B1,328,25.0,LOW
C006,Bangalore,B2,167,5.0,LOW
C006,Coimbatore,B1,269,25.0,MEDIUM
C006,Coimbatore,B2,265,25.0,HIGH
C006,Hyderabad,B1,343,15.0,LOW
C006,Hyderabad,B2,56,20.0,LOW
C006,Pune,B1,45,15.0,LOW
C006,Pune,B2,341,25.0,MEDIUM
C007,Chennai,B1,155,25.0,CRITICAL
C007,Chennai,B2,320,10.0,MEDIUM
C007,Bangalore,B1,213,10.0,LOW
C007,Bangalore,B2,166,15.0,HIGH
C007,Coimbatore,B1,338,25.0,HIGH
C007,Coimbatore,B2,345,5.0,LOW
C007,Hyderabad,B1,75,25.0,LOW
C007,Hyderabad,B2,181,20.0,MEDIUM
C007,Pune,B1,90,5.0,HIGH
C007,Pune,B2,189,10.0,HIGH
C008,Chennai,B1,209,15.0,LOW
C008,Chennai,B2,99,20.0,LOW
C008,Bangalore,B1,86,15.0,MEDIUM
C008,Bangalore,B2,163,10.0,HIGH
C008,Coimbatore,B1,314,20.0,HIGH
C008,Coimbatore,B2,166,5.0,LOW
C008,Hyderabad,B1,40,10.0,LOW
C008,Hyderabad,B2,276,25.0,CRITICAL
C008,Pune,B1,231,25.0,HIGH
C008,Pune,B2,193,15.0,CRITICAL
C009,Chennai,B1,259,25.0,MEDIUM
C009,Chennai,B2,243,10.0,HIGH
C009,Bangalore,B1,328,25.0,MEDIUM
C009,Bangalore,B2,139,10.0,LOW
C009,Coimbatore,B1,186,10.0,LOW
C009,Coimbatore,B2,43,10.0,CRITICAL
C009,Hyderabad,B1,217,15.0,LOW
C009,Hyderabad,B2,218,15.0,CRITICAL
C009,Pune,B1,207,10.0,MEDIUM
C009,Pune,B2,51,10.0,CRITICAL
C010,Chennai,B1,129,25.0,HIGH
C010,Chennai,B2,144,20.0,HIGH
C010,Bangalore,B1,256,25.0,CRITICAL
C010,Bangalore,B2,231,15.0,CRITICAL
C010,Coimbatore,B1,135,25.0,LOW
C010,Coimbatore,B2,256,15.0,CRITICAL
C010,Hyderabad,B1,101,20.0,LOW
C010,Hyderabad,B2,58,5.0,LOW
C010,Pune,B1,304,20.0,HIGH
C010,Pune,B2,183,25.0,CRITICAL
