component_id,location,batch,current_stock,safety_stock,reserved_stock
C001,Chennai,B1,50,100,10
C001,Chennai,B2,238,50,6
C001,Bangalore,B1,100,80,10
C001,Bangalore,B2,393,59,5
C001,Coimbatore,B1,210,87,21
C001,Coimbatore,B2,98,88,9
C001,Hyderabad,B1,600,50,0
C001,Hyderabad,B2,184,50,8
C001,Pune,B1,500,50,10
C001,Pune,B2,395,82,1
C002,Chennai,B1,313,76,2
C002,Chennai,B2,99,33,1
C002,Bangalore,B1,359,92,17
C002,Bangalore,B2,251,91,3
C002,Coimbatore,B1,239,69,20
C002,Coimbatore,B2,102,53,25
C002,Hyderabad,B1,90,58,14
C002,Hyderabad,B2,376,38,23
C002,Pune,B1,112,40,18
C002,Pune,B2,338,34,9
C003,Chennai,B1,77,36,8
C003,Chennai,B2,97,52,29
C003,Bangalore,B1,221,64,0
C003,Bangalore,B2,180,30,4
C003,Coimbatore,B1,60,40,0
C003,Coimbatore,B2,228,92,6
C003,Hyderabad,B1,145,33,29
C003,Hyderabad,B2,220,58,3
C003,Pune,B1,135,57,1
C003,Pune,B2,183,57,27
C004,Chennai,B1,335,91,10
C004,Chennai,B2,397,91,0
C004,Bangalore,B1,282,32,6
C004,Bangalore,B2,367,66,0
C004,Coimbatore,B1,201,88,21
C004,Coimbatore,B2,162,91,16
C004,Hyderabad,B1,344,31,2
C004,Hyderabad,B2,130,88,16
C004,Pune,B1,103,30,18
C004,Pune,B2,221,61,5
C005,Chennai,B1,40,50,10
C005,Chennai,B2,147,99,21
C005,Bangalore,B1,40,50,10
C005,Bangalore,B2,395,96,18
C005,Coimbatore,B1,40,50,10
C005,Coimbatore,B2,200,60,29
C005,Hyderabad,B1,40,50,10
C005,Hyderabad,B2,109,31,0
C005,Pune,B1,40,50,10
C005,Pune,B2,196,77,15
C006,Chennai,B1,103,62,23
C006,Chennai,B2,153,54,28
C006,Bangalore,B1,218,62,3
C006,Bangalore,B2,184,96,16
C006,Coimbatore,B1,71,59,5
C006,Coimbatore,B2,313,56,26
C006,Hyderabad,B1,146,57,14
C006,Hyderabad,B2,84,93,16
C006,Pune,B1,207,75,20
C006,Pune,B2,282,66,23
C007,Chennai,B1,148,89,0
C007,Chennai,B2,210,96,17
C007,Bangalore,B1,103,87,2
C007,Bangalore,B2,391,52,1
C007,Coimbatore,B1,322,62,8
C007,Coimbatore,B2,296,55,2
C007,Hyderabad,B1,62,89,25
C007,Hyderabad,B2,370,37,13
C007,Pune,B1,192,95,22
C007,Pune,B2,112,91,28
C008,Chennai,B1,391,78,19
C008,Chennai,B2,150,37,20
C008,Bangalore,B1,54,97,5
C008,Bangalore,B2,357,45,12
C008,Coimbatore,B1,196,46,23
C008,Coimbatore,B2,395,91,22
C008,Hyderabad,B1,178,87,25
C008,Hyderabad,B2,175,77,24
C008,Pune,B1,321,90,6
C008,Pune,B2,398,96,11
C009,Chennai,B1,135,86,28
C009,Chennai,B2,143,91,19
C009,Bangalore,B1,390,68,3
C009,Bangalore,B2,299,39,21
C009,Coimbatore,B1,272,39,25
C009,Coimbatore,B2,306,98,12
C009,Hyderabad,B1,209,53,11
C009,Hyderabad,B2,82,62,28
C009,Pune,B1,317,96,0
C009,Pune,B2,93,58,12
C010,Chennai,B1,291,64,22
C010,Chennai,B2,139,63,18
C010,Bangalore,B1,163,58,23
C010,Bangalore,B2,298,65,9
C010,Coimbatore,B1,148,65,17
C010,Coimbatore,B2,232,42,22
C010,Hyderabad,B1,335,46,16
C010,Hyderabad,B2,266,42,26
C010,Pune,B1,282,48,11
C010,Pune,B2,272,81,18
