source,destination,distance_km,transfer_time_days,transfer_cost_per_unit,transport_mode,vehicle_emission_rate,reliability
Chennai,Bangalore,350,1,8.5,EV_TRUCK,0.05,0.95
Chennai,Coimbatore,500,1,7.0,DIESEL_TRUCK,0.18,0.92
Chennai,Hyderabad,630,2,12.0,DIESEL_TRUCK,0.18,0.9
Chennai,Pune,1150,4,18.0,EXPRESS_AIR,0.95,0.88
Bangalore,Chennai,350,1,8.5,EV_TRUCK,0.05,0.95
Bangalore,Coimbatore,360,1,6.0,EV_TRUCK,0.05,0.94
Bangalore,Hyderabad,570,2,10.0,DIESEL_TRUCK,0.18,0.92
Bangalore,Pune,840,3,15.0,DIESEL_TRUCK,0.18,0.89
Coimbatore,Chennai,500,1,7.0,DIESEL_TRUCK,0.18,0.92
Coimbatore,Bangalore,360,1,6.0,EV_TRUCK,0.05,0.94
Coimbatore,Hyderabad,910,3,14.0,DIESEL_TRUCK,0.18,0.88
Coimbatore,Pune,1180,4,19.0,EXPRESS_AIR,0.95,0.85
Hyderabad,Chennai,630,2,12.0,DIESEL_TRUCK,0.18,0.9
Hyderabad,Bangalore,570,2,10.0,DIESEL_TRUCK,0.18,0.92
Hyderabad,Coimbatore,910,3,14.0,DIESEL_TRUCK,0.18,0.88
Hyderabad,Pune,560,2,11.0,DIESEL_TRUCK,0.18,0.91
Pune,Chennai,1150,4,18.0,EXPRESS_AIR,0.95,0.88
Pune,Bangalore,840,3,15.0,DIESEL_TRUCK,0.18,0.89
Pune,Coimbatore,1180,4,19.0,EXPRESS_AIR,0.95,0.85
Pune,Hyderabad,560,2,11.0,DIESEL_TRUCK,0.18,0.91
